Platform,Program,Status,Maximum_USD_Advertised,KYC,Official_Program_URL,Program_Type,Languages,Ecosystems,Reward_Currency,Platform_Historical_Paid,Launch_Date,End_Date,Notes
Immunefi,OpenZeppelin,live,25000,required,https://immunefi.com/bug-bounty/openzeppelin/information/,Smart Contract,Solidity,,check_program_rules,,2021-11-15T15:00:00.000Z,,
Immunefi,OpenZeppelin on Stellar,live,25000,required,https://immunefi.com/bug-bounty/openzeppelin-stellar/information/,Smart Contract,,,check_program_rules,,2025-05-08T02:51:06.000Z,,
Immunefi,Gnosis Chain,live,2000000,not_required,https://immunefi.com/bug-bounty/gnosischain/information/,Smart Contract,Solidity,BSC / ETH,check_program_rules,,2022-02-11T04:00:00.000Z,,
Immunefi,Enzyme Onyx,live,200000,not_required,https://immunefi.com/bug-bounty/enzyme-onyx/information/,Smart Contract,Solidity,ETH,check_program_rules,,2025-09-04T10:00:00.000Z,,
Immunefi,Compound Finance,live,1000000,required,https://immunefi.com/bug-bounty/compoundfinance/information/,Smart Contract,Solidity,ETH,check_program_rules,,2024-12-11T16:28:00.000Z,,
Immunefi,1inch - Smart Contracts,live,500000,required,https://immunefi.com/bug-bounty/1inch-SmartContracts/information/,Smart Contract,,,check_program_rules,,2026-06-11T05:00:00.000Z,,
Immunefi,1inch - Business,live,100000,required,https://immunefi.com/bug-bounty/1inch-business/information/,Websites and Applications,,,check_program_rules,,2026-06-11T14:30:11.000Z,,
Immunefi,1inch - Aqua,live,100000,required,https://immunefi.com/bug-bounty/1inch-aqua/information/,Smart Contract,,,check_program_rules,,2026-06-11T12:46:32.000Z,,
Immunefi,1inch - Wallet,live,100000,required,https://immunefi.com/bug-bounty/1inch-wallet/information/,Websites and Applications,,,check_program_rules,,2026-06-11T13:44:50.000Z,,
Immunefi,1inch - Infrastructure,live,20000,required,https://immunefi.com/bug-bounty/1inch-infrastructure/information/,Websites and Applications,,,check_program_rules,,2026-06-11T14:09:17.000Z,,
Immunefi,1inch - Web,live,50000,required,https://immunefi.com/bug-bounty/1inch-web/information/,Websites and Applications,,,check_program_rules,,2026-06-11T07:56:01.000Z,,
Immunefi,1inch - Aqua Improvement,live,25000,required,https://immunefi.com/bug-bounty/1inch-aqua-improvement/information/,Smart Contract,,,check_program_rules,,2026-06-11T13:20:02.000Z,,
Immunefi,Derive,live,50000,not_required,https://immunefi.com/bug-bounty/derive/information/,Smart Contract,Solidity,Optimism,check_program_rules,,2021-08-23T14:00:00.000Z,,
Immunefi,ENS,live,250000,not_required,https://immunefi.com/bug-bounty/ens/information/,Websites and Applications / Smart Contract,Solidity / NextJS,ETH,check_program_rules,,2024-05-10T03:11:00.000Z,,
Immunefi,Folks Finance,live,100000,required,https://immunefi.com/bug-bounty/folksfinance/information/,Smart Contract,Python,Algorand,check_program_rules,,2022-03-31T17:00:00.000Z,,
Immunefi,TruYields,live,20000,required,https://immunefi.com/bug-bounty/trufin/information/,Smart Contract,Solidity / Rust,ETH / Polygon / Solana,check_program_rules,,2023-09-27T14:00:00.000Z,,
Immunefi,deBridge,live,200000,not_required,https://immunefi.com/bug-bounty/debridge/information/,Smart Contract,Solidity,Arbitrum / Avalanche / BSC / ETH / Fantom / Heco / Polygon,check_program_rules,,2022-01-21T13:00:00.000Z,,
Immunefi,sBTC,live,250000,required,https://immunefi.com/bug-bounty/sbtc/information/,Smart Contract / Blockchain/DLT,Rust / Clarity / Bitcoin Script,Stacks / Bitcoin,check_program_rules,,2026-07-02T13:59:00.000Z,,
Immunefi,Ava Labs Avalanche,live,100000,required,https://immunefi.com/bug-bounty/avalanche/information/,Smart Contract / Blockchain/DLT,,,check_program_rules,,2023-12-03T22:00:00.000Z,,
Immunefi,Ava Labs,live,10000,required,https://immunefi.com/bug-bounty/avalabs/information/,Websites and Applications,Go / JavaScript / Solidity,Avalanche,check_program_rules,,2023-12-04T09:00:00.000Z,,
Immunefi,Cosmos,live,50000,required,https://immunefi.com/bug-bounty/cosmos/information/,Blockchain/DLT,Go / Rust / Solidity / C/C++ / cosm-wasm,Cosmos,check_program_rules,,2026-06-22T21:39:00.000Z,,
Immunefi,Twyne,live,50000,not_required,https://immunefi.com/bug-bounty/twyne/information/,Smart Contract,Solidity,ETH,check_program_rules,,2026-01-16T14:30:00.000Z,,
Immunefi,Silo Finance (v2 & v3),live,100000,required,https://immunefi.com/bug-bounty/silofinance-v2/information/,Smart Contract,Solidity,ETH,check_program_rules,,2022-08-30T17:30:00.000Z,,
Immunefi,Burrow,live,250000,required,https://immunefi.com/bug-bounty/burrow/information/,Smart Contract,,,check_program_rules,,2023-02-08T18:00:00.000Z,,
Immunefi,Ref Finance,live,250000,not_required,https://immunefi.com/bug-bounty/reffinance/information/,Smart Contract,Rust,Near,check_program_rules,,2022-05-17T18:30:00.000Z,,
Immunefi,Glo Dollar,live,50000,required,https://immunefi.com/bug-bounty/glodollar/information/,Smart Contract,,ETH / Polygon,check_program_rules,,2022-02-14T15:00:00.000Z,,
Immunefi,NUVA,live,40000,required,https://immunefi.com/bug-bounty/nuva/information/,Smart Contract / Websites and Applications,,,check_program_rules,,2026-05-18T06:00:00.000Z,,
Immunefi,Exactly,live,25000,required,https://immunefi.com/bug-bounty/exactly/information/,Smart Contract,Solidity,Optimism,check_program_rules,,2022-12-08T21:00:00.000Z,,
Immunefi,LayerZero,live,15000000,required,https://immunefi.com/bug-bounty/layerzero/information/,Smart Contract,Solidity,Arbitrum / Astar zkEVM / Aurora / Avalanche / BSC / Base / Blast / Canto / Celo / Conflux / DOS / ETH / Fantom / Fraxtal / Fuse / Gnosis / Harmony / Horizen EON / Injective / Kava / Linea / Manta / Mantle / Merit Circle / Metis / Mode / Moonbeam / Moonriver / Optimism / Orderly / Polygon / Polygon zkEVM / Scroll / ShimmerEVM / Telos / Tenet / Viction / XPLA / Xai / Zora / opBNB / Aptos / Cronos / Rootstock / Sei / TON,check_program_rules,,2023-05-17T17:00:00.000Z,,
Immunefi,XOXNO,live,20000,required,https://immunefi.com/bug-bounty/xoxno/information/,Smart Contract,Rust,,check_program_rules,,2025-09-16T08:00:31.000Z,,
Immunefi,Stargate,live,10000000,required,https://immunefi.com/bug-bounty/stargate/information/,Smart Contract,Solidity,,check_program_rules,,2024-09-24T18:00:00.000Z,,
Immunefi,Stacks,live,250000,required,https://immunefi.com/bug-bounty/stacks/information/,Blockchain/DLT / Smart Contract,Rust / Bitcoin Script / Clarity,Stacks / Bitcoin,check_program_rules,,2022-03-31T19:30:00.000Z,,
Immunefi,Symbiosis,live,100000,not_required,https://immunefi.com/bug-bounty/symbiosis/information/,Smart Contract,Solidity,Avalanche / BSC / ETH / Polygon / Arbitrum / Base / Bitcoin / Boba Network / Cronos / Manta / Mantle / Metis / Rootstock / Sei / Sonic / Telos / TON / Tron,check_program_rules,,2022-08-18T09:30:00.000Z,,
Immunefi,SSV Network,live,250000,required,https://immunefi.com/bug-bounty/ssvnetwork/information/,Smart Contract,Solidity,ETH,check_program_rules,,2023-09-11T16:00:00.000Z,,
Immunefi,Chainlink,live,3000000,required,https://immunefi.com/bug-bounty/chainlink/information/,Websites and Applications / Smart Contract,Go / Rust / Solidity / Typescript,Arbitrum / Base / Celo / ETH / Fantom / Gnosis / Linea / Metis / Moonriver / Optimism / Polygon / Scroll / Solana / Aptos,check_program_rules,,2021-05-11T05:00:00.000Z,,
Immunefi,USDT0,live,6000000,required,https://immunefi.com/bug-bounty/usdt0/information/,Smart Contract,Typescript / Solidity,,check_program_rules,,2025-01-30T14:58:00.000Z,,
Immunefi,Hedera,live,30000,required,https://immunefi.com/bug-bounty/hedera/information/,Websites and Applications / Blockchain/DLT,,,check_program_rules,,2025-02-05T04:21:00.000Z,,
Immunefi,GMX,live,5000000,not_required,https://immunefi.com/bug-bounty/gmx/information/,Smart Contract / Websites and Applications,JavaScript / Solidity / Typescript,Arbitrum / Avalanche,check_program_rules,,2021-10-20T12:00:00.000Z,,
Immunefi,Vesper,live,50000,not_required,https://immunefi.com/bug-bounty/vesper/information/,Smart Contract / Websites and Applications,JavaScript / Solidity,ETH,check_program_rules,,2021-05-06T05:00:00.000Z,,
Immunefi,Metronome,live,50000,required,https://immunefi.com/bug-bounty/metronome/information/,Smart Contract / Websites and Applications,Solidity,ETH / Optimism,check_program_rules,,2023-02-21T21:00:00.000Z,,
Immunefi,Wormhole,live,1000000,required,https://immunefi.com/bug-bounty/wormhole/information/,Smart Contract / Blockchain/DLT,Go / Move / Python / Rust / Solidity,,check_program_rules,,2022-02-11T15:00:00.000Z,,
Immunefi,Ondo Finance,live,1000000,required,https://immunefi.com/bug-bounty/ondofinance/information/,Smart Contract,Solidity / Rust,ETH / Solana,check_program_rules,,2023-03-07T21:00:00.000Z,,
Immunefi,StakeWise Mainnet,live,200000,not_required,https://immunefi.com/bug-bounty/stakewise/information/,Smart Contract / Websites and Applications,JavaScript,ETH / xDAI / Gnosis Chain,check_program_rules,,2022-05-31T17:30:00.000Z,,
Immunefi,MUX,live,100000,not_required,https://immunefi.com/bug-bounty/mux/information/,Smart Contract / Websites and Applications,Solidity,Arbitrum / Avalanche / BSC / ETH / Fantom / Optimism,check_program_rules,,2021-06-09T07:00:00.000Z,,
Immunefi,OFZA,live,10000,required,https://immunefi.com/bug-bounty/ofza-1/information/,Websites and Applications,,,check_program_rules,,2025-06-18T05:11:00.000Z,,
Immunefi,Zerion,live,25000,required,https://immunefi.com/bug-bounty/zerion/information/,Smart Contract / Websites and Applications,JavaScript / Solidity,Arbitrum / Avalanche / BSC / ETH / Fantom / Optimism / Polygon / xDAI / Gnosis Chain,check_program_rules,,2022-03-29T19:00:00.000Z,,
Immunefi,RootstockLabs,live,200000,required,https://immunefi.com/bug-bounty/rootstocklabs/information/,Smart Contract / Websites and Applications / Blockchain/DLT,,Rootstock,check_program_rules,,2026-02-10T01:55:00.000Z,,
Immunefi,DAWN USD.infra Vault,live,50000,not_required,https://immunefi.com/bug-bounty/dawn/information/,Websites and Applications / Smart Contract,Rust / Typescript / NextJS,Solana,check_program_rules,,2026-07-12T11:54:11.000Z,,
Immunefi,Horizen,live,10000,required,https://immunefi.com/bug-bounty/horizen/information/,Websites and Applications / Smart Contract,Solidity / Typescript / ReactJS,Base,check_program_rules,,2026-07-15T11:00:00.000Z,,
Immunefi,IPOR,live,1000,not_required,https://immunefi.com/bug-bounty/ipor/information/,Smart Contract,Solidity,Arbitrum / ETH,check_program_rules,,2023-04-11T18:00:00.000Z,,
Immunefi,Hathor Network,live,20000,required,https://immunefi.com/bug-bounty/hathornetwork/information/,Websites and Applications / Blockchain/DLT,JavaScript / Python,,check_program_rules,,2023-03-15T19:00:00.000Z,,
Immunefi,Arbitrum,live,2000000,required,https://immunefi.com/bug-bounty/arbitrum/information/,Smart Contract,Solidity,Arbitrum / ETH,check_program_rules,,2021-08-31T13:00:00.000Z,,
Immunefi,CoW Protocol,live,1000000,required,https://immunefi.com/bug-bounty/cowprotocol/information/,Smart Contract,Solidity,ETH / Gnosis,check_program_rules,,2021-06-15T17:00:00.000Z,,
Immunefi,Pareto Credit,live,50000,not_required,https://immunefi.com/bug-bounty/pareto/information/,Smart Contract,Solidity,ETH,check_program_rules,,2021-03-25T07:00:00.000Z,,
Immunefi,dHEDGE,live,50000,not_required,https://immunefi.com/bug-bounty/dhedge/information/,Smart Contract,Solidity,Arbitrum / Base / ETH / Optimism / Polygon,check_program_rules,,2021-11-09T12:00:00.000Z,,
Immunefi,ZKsync OS,live,100000,required,https://immunefi.com/bug-bounty/zksync-os/information/,Blockchain/DLT / Smart Contract,,zkSync,check_program_rules,,2025-11-24T08:16:26.000Z,,
Immunefi,Enzyme Blue,live,200000,not_required,https://immunefi.com/bug-bounty/enzymefinance/information/,Smart Contract,Solidity,ETH / Polygon,check_program_rules,,2021-03-29T07:00:00.000Z,,
Immunefi,Aera,live,500000,required,https://immunefi.com/bug-bounty/aera/information/,Smart Contract,Solidity,ETH / Arbitrum / Base / Polygon / Optimism,check_program_rules,,2023-11-20T12:00:00.000Z,,
Immunefi,0x,live,1000000,required,https://immunefi.com/bug-bounty/0x/information/,Smart Contract / Websites and Applications,Solidity,Polygon / Avalanche / Arbitrum / Base / BSC / ETH / Linea / Mantle / Mode / Optimism / Scroll / Solana,check_program_rules,,2024-07-30T16:00:00.000Z,,
Immunefi,Sky,live,10000000,not_required,https://immunefi.com/bug-bounty/sky/information/,Smart Contract / Websites and Applications,Solidity,ETH,check_program_rules,,2022-02-10T07:00:00.000Z,,
Immunefi,Balancer Foundation,live,1000000,not_required,https://immunefi.com/bug-bounty/balancer/information/,Smart Contract,JavaScript / Solidity,ETH,check_program_rules,,2022-05-12T16:00:00.000Z,,
Immunefi,Spark,live,5000000,not_required,https://immunefi.com/bug-bounty/sparklend/information/,Smart Contract / Websites and Applications,,ETH,check_program_rules,,2023-11-01T15:00:00.000Z,,
Immunefi,CapyFi,live,1000000,required,https://immunefi.com/bug-bounty/capyfi/information/,Smart Contract / Websites and Applications,,,check_program_rules,,2025-11-19T10:10:47.000Z,,
Immunefi,Xterio,live,80000,required,https://immunefi.com/bug-bounty/xterio/information/,Websites and Applications / Smart Contract,Solidity,ETH,check_program_rules,,2024-07-08T10:30:00.000Z,,
Immunefi,Filecoin,live,50000,required,https://immunefi.com/bug-bounty/filecoin/information/,Blockchain/DLT,Go / Rust,Filecoin,check_program_rules,,2023-04-14T20:00:00.000Z,,
Immunefi,Extra Finance,live,100000,not_required,https://immunefi.com/bug-bounty/extrafinance/information/,Smart Contract,Solidity,Optimism,check_program_rules,,2023-09-08T13:00:00.000Z,,
Immunefi,GMTrade,live,100000,not_required,https://immunefi.com/bug-bounty/gmtrade/information/,Smart Contract,Rust,Solana,check_program_rules,,2026-07-06T00:00:00.000Z,,
Immunefi,Pyth Network,live,250000,required,https://immunefi.com/bug-bounty/pythnetwork/information/,Smart Contract / Websites and Applications,,Solana,check_program_rules,,2024-06-24T16:00:00.000Z,,
Immunefi,Linea,live,100000,required,https://immunefi.com/bug-bounty/linea/information/,Smart Contract,Solidity,ETH / Linea,check_program_rules,,2023-07-11T14:00:00.000Z,,
Immunefi,Instadapp,live,500000,not_required,https://immunefi.com/bug-bounty/instadapp/information/,Smart Contract / Websites and Applications,Solidity,Avalanche / BSC / ETH / Optimism / Polygon,check_program_rules,,2021-09-20T01:30:00.000Z,,
Immunefi,Lombard Finance,live,250000,required,https://immunefi.com/bug-bounty/lombard-finance/information/,Smart Contract / Websites and Applications,,Bitcoin,check_program_rules,,2024-09-04T00:00:00.000Z,,
Immunefi,Unstoppable Wallet,live,1000,not_required,https://immunefi.com/bug-bounty/unstoppablewallet/information/,Websites and Applications,Kotlin,ETH,check_program_rules,,2022-03-04T04:00:00.000Z,,
Immunefi,Livepeer,live,40000,required,https://immunefi.com/bug-bounty/livepeer/information/,Smart Contract,Solidity / Go,Arbitrum / ETH,check_program_rules,,2022-02-25T04:00:00.000Z,,
Immunefi,Optimism,live,2000042,required,https://immunefi.com/bug-bounty/optimism/information/,Smart Contract / Websites and Applications / Blockchain/DLT,C/C++ / Go / Solidity,ETH / Optimism,check_program_rules,,2022-01-14T07:00:00.000Z,,
Immunefi,Celer,live,200000,required,https://immunefi.com/bug-bounty/celer/information/,Smart Contract / Websites and Applications,JavaScript / Solidity,Arbitrum / Avalanche / BSC / Base / ETH / Fantom / Moonbeam / Optimism / Polygon,check_program_rules,,2021-11-18T13:00:00.000Z,,
Immunefi,Decentraland,live,250000,required,https://immunefi.com/bug-bounty/decentraland/information/,Smart Contract / Websites and Applications,Solidity,ETH / Polygon,check_program_rules,,2022-07-05T16:30:00.000Z,,
Immunefi,Immunefi,live,50000,required,https://immunefi.com/bug-bounty/immunefi/information/,Websites and Applications / Smart Contract,Solidity,ETH / Optimism,check_program_rules,,2020-12-02T05:00:00.000Z,,
Immunefi,Alchemix,live,150000,not_required,https://immunefi.com/bug-bounty/alchemix-1/information/,Smart Contract,Solidity,Arbitrum / ETH / Optimism / Base,check_program_rules,,2026-02-26T19:26:00.000Z,,
Immunefi,Strata,live,250000,required,https://immunefi.com/bug-bounty/strata/information/,Smart Contract,Solidity,ETH,check_program_rules,,2025-10-01T10:01:00.000Z,,
Immunefi,Origin Protocol,live,1000000,not_required,https://immunefi.com/bug-bounty/originprotocol/information/,Smart Contract / Websites and Applications,JavaScript / Solidity / Typescript,ETH / Base / Arbitrum,check_program_rules,,2021-11-22T07:15:00.000Z,,
Immunefi,Zest Protocol V2,live,100000,not_required,https://immunefi.com/bug-bounty/zest-protocol-v2/information/,Smart Contract,Clarity,Stacks,check_program_rules,,2026-01-15T22:10:00.000Z,,
Immunefi,Babylon Labs,live,500000,required,https://immunefi.com/bug-bounty/babylon-labs/information/,Websites and Applications / Blockchain/DLT,Go / Typescript / JavaScript / Rust,Bitcoin,check_program_rules,,2024-09-16T15:00:00.000Z,,
Immunefi,StackingDAO,live,100000,not_required,https://immunefi.com/bug-bounty/stackingdao/information/,Smart Contract,Clarity,Stacks,check_program_rules,,2024-02-04T20:00:00.000Z,,
Immunefi,Charm,live,6000,not_required,https://immunefi.com/bug-bounty/charm/information/,Smart Contract,Solidity,ETH,check_program_rules,,2021-02-05T07:00:00.000Z,,
Immunefi,ZKsync Era,live,300000,required,https://immunefi.com/bug-bounty/zksyncera/information/,Blockchain/DLT / Smart Contract,Solidity / Yul,ETH / zkSync,check_program_rules,,2023-03-10T17:00:00.000Z,,
Immunefi,Rocket Pool,live,150000,required,https://immunefi.com/bug-bounty/rocketpool/information/,Smart Contract,Solidity,ETH,check_program_rules,,2021-09-08T14:00:00.000Z,,
Immunefi,Beanstalk,live,1100000,not_required,https://immunefi.com/bug-bounty/beanstalk/information/,Smart Contract / Websites and Applications,Solidity / Typescript,ETH,check_program_rules,,2022-10-11T19:00:00.000Z,,
Immunefi,Ether.fi,live,500000,required,https://immunefi.com/bug-bounty/etherfi/information/,Smart Contract / Websites and Applications,Solidity / NextJS,ETH,check_program_rules,,2024-03-27T01:30:00.000Z,,
Immunefi,Sei,live,500000,required,https://immunefi.com/bug-bounty/sei/information/,Blockchain/DLT,Go / Rust,Sei,check_program_rules,,2023-11-30T09:00:00.000Z,,
Immunefi,Leather,live,5000,required,https://immunefi.com/bug-bounty/leather/information/,Websites and Applications,Typescript,Stacks / Bitcoin,check_program_rules,,2026-07-30T07:43:00.000Z,,
Immunefi,Threshold Network,live,150000,not_required,https://immunefi.com/bug-bounty/thresholdnetwork/information/,Smart Contract / Websites and Applications,JavaScript / Solidity,Arbitrum / ETH / Optimism / Polygon / Solana / Base / Starknet / SUI,check_program_rules,,2023-04-28T09:00:00.000Z,,
Immunefi,OnRe,live,100000,required,https://immunefi.com/bug-bounty/onre/information/,Smart Contract,Rust,Solana,check_program_rules,,2026-05-11T09:00:00.000Z,,
Immunefi,The Graph,live,50000,required,https://immunefi.com/bug-bounty/thegraph/information/,Smart Contract,Go / Rust / Solidity / Typescript,Arbitrum / ETH,check_program_rules,,2021-08-04T17:00:00.000Z,,
Immunefi,Intuition,live,100000,required,https://immunefi.com/bug-bounty/intuition/information/,Smart Contract,Solidity,Base,check_program_rules,,2026-07-08T09:19:00.000Z,,
Immunefi,MagpieXYZ,live,200000,not_required,https://immunefi.com/bug-bounty/magpiexyz/information/,Smart Contract,Solidity,BSC / Arbitrum / ETH,check_program_rules,,2023-02-09T20:00:00.000Z,,
Immunefi,PancakeSwap,live,1000000,not_required,https://immunefi.com/bug-bounty/pancakeswap/information/,Smart Contract / Websites and Applications,Solidity,BSC,check_program_rules,,2021-03-28T07:00:00.000Z,,
Immunefi,Autonolas,live,5000,required,https://immunefi.com/bug-bounty/autonolas/information/,Smart Contract,Solidity,ETH / Base / Celo / Gnosis / Optimism / Polygon / Arbitrum / Mode,check_program_rules,,2022-08-10T17:30:00.000Z,,
Immunefi,Money on Chain / RIF on Chain,live,10000,required,https://immunefi.com/bug-bounty/moneyonchain/information/,Smart Contract / Websites and Applications,Solidity / Python / Typescript,RSK,check_program_rules,,2021-01-14T07:00:00.000Z,,
Immunefi,Gala Games,live,50000,required,https://immunefi.com/bug-bounty/galagames/information/,Smart Contract / Websites and Applications,JavaScript / Solidity,ETH,check_program_rules,,2023-05-23T13:00:00.000Z,,
Immunefi,Veda,live,1000000,required,https://immunefi.com/bug-bounty/veda/information/,Smart Contract,,,check_program_rules,,2026-01-21T15:00:08.000Z,,
Immunefi,Orca,live,500000,not_required,https://immunefi.com/bug-bounty/orca/information/,Smart Contract,Rust,Solana,check_program_rules,,2022-05-19T17:30:00.000Z,,
Immunefi,Polygon,live,250000,required,https://immunefi.com/bug-bounty/polygon/information/,Blockchain/DLT / Smart Contract,Solidity,ETH / Polygon,check_program_rules,,2021-09-13T13:00:00.000Z,,
Immunefi,JustLend DAO,live,50000,not_required,https://immunefi.com/bug-bounty/justlenddao/information/,Smart Contract,Solidity,Tron,check_program_rules,,2022-08-31T03:00:00.000Z,,
Immunefi,Acala,live,1000,not_required,https://immunefi.com/bug-bounty/acala/information/,Blockchain/DLT,Rust,Polkadot,check_program_rules,,2021-12-14T02:00:00.000Z,,
Immunefi,BlockPI Network,live,5000,not_required,https://immunefi.com/bug-bounty/blockpinetwork/information/,Websites and Applications,,Arbitrum / Avalanche / BSC / Base / Cronos / ETH / Fantom / Gnosis / Klaytn / Linea / Meter / Oasis / Optimism / Polygon / Scroll / Starknet / Viction / zkSync,check_program_rules,,2022-11-11T03:00:00.000Z,,
Immunefi,Axelar Network,live,500000,required,https://immunefi.com/bug-bounty/axelarnetwork/information/,Blockchain/DLT / Smart Contract,Go / Rust / Solidity,Arbitrum / Avalanche / BSC / Base / Blast / Celo / Centrifuge / ETH / Fantom / Filecoin / Fraxtal / Kava / Linea / Mantle / Moonbeam / Optimism / Polygon / Scroll,check_program_rules,,2022-03-11T03:30:00.000Z,,
Immunefi,Mt Pelerin,live,5000,not_required,https://immunefi.com/bug-bounty/mtpelerin/information/,Websites and Applications / Smart Contract,Solidity,Arbitrum / Avalanche / BSC / Base / Bitcoin / ETH / Gnosis / Optimism / Polygon / Rootstock / Tezos / Celo / zkSync / Lightning / Sonic / xDAI / Gnosis Chain,check_program_rules,,2021-02-08T07:00:00.000Z,,
Immunefi,Royco,live,250000,required,https://immunefi.com/bug-bounty/royco/information/,Smart Contract / Websites and Applications,Solidity / JavaScript / Typescript,ETH / Arbitrum / Base / Avalanche,check_program_rules,,2026-02-17T10:24:00.000Z,,
Immunefi,Ethena,live,3000000,required,https://immunefi.com/bug-bounty/ethena/information/,Websites and Applications / Smart Contract,,,check_program_rules,,2024-04-04T16:46:29.000Z,,
Immunefi,BENQI,live,500000,not_required,https://immunefi.com/bug-bounty/benqi/information/,Smart Contract / Websites and Applications,ReactJS / Solidity,Avalanche,check_program_rules,,2021-08-19T12:00:00.000Z,,
Immunefi,Hyperlane,live,2500000,required,https://immunefi.com/bug-bounty/hyperlane/information/,Smart Contract / Websites and Applications,NextJS / Solidity,Arbitrum / BSC / Celo / ETH / Gnosis / Moonbeam / Optimism / Polygon,check_program_rules,,2023-01-10T21:00:00.000Z,,
Immunefi,Granite Protocol,live,100000,required,https://immunefi.com/bug-bounty/granite-protocol/information/,Smart Contract / Websites and Applications,Clarity,Stacks,check_program_rules,,2025-02-26T15:58:00.000Z,,
Immunefi,Yearn Finance,live,200000,not_required,https://immunefi.com/bug-bounty/yearnfinance/information/,Smart Contract,Solidity,Arbitrum / ETH / Fantom / Optimism,check_program_rules,,2021-07-01T07:00:00.000Z,,
Immunefi,Berachain,live,100000,required,https://immunefi.com/bug-bounty/berachain/information/,Smart Contract / Blockchain/DLT,Go / Solidity / Rust,ETH / Cosmos,check_program_rules,,2025-02-06T11:58:00.000Z,,
Immunefi,Katana,live,80000,required,https://immunefi.com/bug-bounty/katana/information/,Smart Contract,,,check_program_rules,,2026-02-11T14:57:23.000Z,,
Immunefi,Aevo,live,300000,not_required,https://immunefi.com/bug-bounty/Aevo/information/,Smart Contract,Solidity,Avalanche / BSC / ETH / Solana,check_program_rules,,2021-04-12T07:00:00.000Z,,
Immunefi,Olympus,live,3333333,not_required,https://immunefi.com/bug-bounty/olympus/information/,Smart Contract / Websites and Applications,Solidity,Arbitrum / Avalanche / Boba Network / ETH / Fantom / Optimism / Polygon,check_program_rules,,2022-01-06T17:45:00.000Z,,
Immunefi,Obyte,live,50000,not_required,https://immunefi.com/bug-bounty/obyte/information/,Smart Contract / Blockchain/DLT / Websites and Applications,JavaScript,Obyte,check_program_rules,,2020-12-01T07:00:00.000Z,,
Immunefi,Rhino.fi,live,2000000,not_required,https://immunefi.com/bug-bounty/rhinofi/information/,Smart Contract,Solidity,Arbitrum / BSC / ETH / Optimism / Polygon / Polygon zkEVM / zkSync / Starknet / Tron / Base,check_program_rules,,2023-06-30T13:00:00.000Z,,
Immunefi,Hydration,live,222222,not_required,https://immunefi.com/bug-bounty/hydration/information/,Blockchain/DLT / Websites and Applications,Rust,Polkadot,check_program_rules,,2023-02-20T20:00:00.000Z,,
Immunefi,Hermetica,live,100000,not_required,https://immunefi.com/bug-bounty/hermetica/information/,Smart Contract,,,check_program_rules,,2026-02-12T09:27:00.000Z,,
Immunefi,Berachain (Web/Apps),live,10000,required,https://immunefi.com/bug-bounty/berachain-webapps/information/,Websites and Applications,,,check_program_rules,,2025-03-18T09:00:00.000Z,,
Immunefi,Raydium,live,505000,not_required,https://immunefi.com/bug-bounty/raydium/information/,Smart Contract,Rust,Solana,check_program_rules,,2023-04-25T12:00:00.000Z,,
Immunefi,Velodrome Finance,live,100000,required,https://immunefi.com/bug-bounty/velodromefinance/information/,Smart Contract,Solidity,Optimism,check_program_rules,,2023-06-29T09:00:00.000Z,,
Immunefi,Parallel,live,250000,required,https://immunefi.com/bug-bounty/parallel/information/,Smart Contract / Websites and Applications,JavaScript / NextJS / ReactJS / Solidity / Typescript / Go,ETH / Polygon / Arbitrum / Avalanche / Base / Gnosis / LayerZero / Optimism / Scroll / Sei / BSC / xDAI / Gnosis Chain,check_program_rules,,2025-10-02T12:10:00.000Z,,
Immunefi,Lido,live,2000000,not_required,https://immunefi.com/bug-bounty/lido/information/,Smart Contract / Websites and Applications,Solidity / Vyper,ETH,check_program_rules,,2021-05-22T05:00:00.000Z,,
Immunefi,Gearbox,live,150000,required,https://immunefi.com/bug-bounty/gearbox/information/,Smart Contract,Solidity,ETH,check_program_rules,,2022-02-08T13:00:00.000Z,,
Immunefi,Marinade,live,250000,not_required,https://immunefi.com/bug-bounty/marinade/information/,Smart Contract,Rust,Solana,check_program_rules,,2021-12-01T18:30:00.000Z,,
Immunefi,KAST,live,50000,required,https://immunefi.com/bug-bounty/KAST/information/,Smart Contract,,,check_program_rules,,2026-04-20T04:48:00.000Z,,
Immunefi,Synthetix,live,100000,not_required,https://immunefi.com/bug-bounty/synthetix/information/,Websites and Applications / Smart Contract,Solidity / JavaScript,ETH,check_program_rules,,2021-03-05T07:00:00.000Z,,
Immunefi,Hashflow,live,50000,not_required,https://immunefi.com/bug-bounty/hashflow/information/,Smart Contract,,Arbitrum / Avalanche / BSC / ETH / Optimism / Polygon / Solana,check_program_rules,,2022-03-29T20:00:00.000Z,,
Immunefi,Lista DAO,live,1000000,not_required,https://immunefi.com/bug-bounty/listadao/information/,Smart Contract,JavaScript / Solidity,BSC,check_program_rules,,2022-06-16T16:30:00.000Z,,
Immunefi,Ostium,live,200000,required,https://immunefi.com/bug-bounty/ostium/information/,Websites and Applications / Smart Contract,NextJS / Solidity / Typescript,Arbitrum,check_program_rules,,2025-04-30T00:00:00.000Z,,
Immunefi,Ankr,live,500000,not_required,https://immunefi.com/bug-bounty/ankr/information/,Smart Contract / Websites and Applications,JavaScript / Vyper,BSC / ETH / Polygon,check_program_rules,,2022-07-21T18:00:00.000Z,,
Immunefi,GammaSwap,live,40000,not_required,https://immunefi.com/bug-bounty/gammaswap/information/,Smart Contract,Solidity,Arbitrum,check_program_rules,,2023-09-29T20:00:00.000Z,,
Immunefi,Serai,live,30000,required,https://immunefi.com/bug-bounty/serai/information/,Blockchain/DLT,Rust,,check_program_rules,,2023-08-04T11:00:00.000Z,,
Immunefi,Maple,live,500000,required,https://immunefi.com/bug-bounty/maple/information/,Smart Contract,JavaScript / Solidity,ETH,check_program_rules,,2022-01-25T21:00:00.000Z,,
Immunefi,AAVE,live,1000000,required,https://immunefi.com/bug-bounty/aave/information/,Smart Contract,Solidity,ETH,check_program_rules,,2023-10-18T09:00:00.000Z,,
Immunefi,Aster,live,200000,not_required,https://immunefi.com/bug-bounty/aster/information/,Websites and Applications / Smart Contract,,,check_program_rules,,2025-04-16T02:43:13.000Z,,
Immunefi,edgeX,live,10000,required,https://immunefi.com/bug-bounty/edgex/information/,Websites and Applications,,,check_program_rules,,2026-04-07T22:57:00.000Z,,
Immunefi,Variational,live,100000,required,https://immunefi.com/bug-bounty/variational/information/,Smart Contract / Websites and Applications,,,check_program_rules,,2026-03-16T16:30:00.000Z,,
Immunefi,Boba Network,live,100000,required,https://immunefi.com/bug-bounty/bobanetwork/information/,Websites and Applications / Smart Contract,Go / JavaScript / Solidity,Avalanche / BSC / ETH,check_program_rules,,2023-01-13T21:00:00.000Z,,
Immunefi,Flux Finance,live,550000,not_required,https://immunefi.com/bug-bounty/fluxfinance/information/,Smart Contract,Solidity,ETH,check_program_rules,,2023-02-08T16:00:00.000Z,,
Immunefi,Kleidi,live,50000,required,https://immunefi.com/bug-bounty/kleidi/information/,Smart Contract,,,check_program_rules,,2026-02-13T19:09:05.000Z,,
Immunefi,YO Protocol,live,10000,required,https://immunefi.com/bug-bounty/yo-protocol/information/,Smart Contract / Websites and Applications,,,check_program_rules,,2025-05-05T13:00:00.000Z,,
Immunefi,Velvet Capital V2,live,10000,required,https://immunefi.com/bug-bounty/velvet-capital-v2/information/,Smart Contract,,BSC,check_program_rules,,2024-09-05T21:23:24.000Z,,
Immunefi,Velvet Capital,live,51000,not_required,https://immunefi.com/bug-bounty/velvetcapital/information/,Smart Contract,,BSC,check_program_rules,,2023-12-15T09:00:00.000Z,,
Immunefi,Immutable,live,1000000,required,https://immunefi.com/bug-bounty/immutable/information/,Smart Contract,,,check_program_rules,,2025-06-10T05:44:56.000Z,,
Immunefi,Arkadiko,live,100000,not_required,https://immunefi.com/bug-bounty/arkadiko/information/,Smart Contract / Websites and Applications,Clarity,,check_program_rules,,2024-06-03T02:44:00.000Z,,
Immunefi,Avail,live,250000,required,https://immunefi.com/bug-bounty/avail/information/,Smart Contract / Websites and Applications,Solidity,ETH,check_program_rules,,2024-07-23T02:00:00.000Z,,
Immunefi,Nexus Mutual,live,25000,not_required,https://immunefi.com/bug-bounty/nexusmutual/information/,Smart Contract,Solidity,ETH,check_program_rules,,2021-02-23T07:00:00.000Z,,
Immunefi,SushiSwap,live,200000,not_required,https://immunefi.com/bug-bounty/sushiswap/information/,Smart Contract,Solidity,Arbitrum / Avalanche / BSC / Celo / ETH / Fantom / Gnosis / Harmony / Heco / Kava / Linea / Metis / Moonbeam / Optimism / Polygon,check_program_rules,,2021-03-26T07:00:00.000Z,,
Immunefi,DeFi Saver,live,350000,not_required,https://immunefi.com/bug-bounty/defisaver/information/,Smart Contract / Websites and Applications,Solidity,ETH,check_program_rules,,2021-04-21T07:00:00.000Z,,
Immunefi,Mars Ecosystem,live,10000,not_required,https://immunefi.com/bug-bounty/marsecosystem/information/,Smart Contract / Websites and Applications,Solidity,BSC / ETH,check_program_rules,,2021-09-08T11:00:00.000Z,,
Immunefi,Hibachi,live,20000,required,https://immunefi.com/bug-bounty/hibachi/information/,Websites and Applications,,Celestia,check_program_rules,,2025-01-08T14:58:00.000Z,,
Immunefi,Kelp DAO,live,250000,required,https://immunefi.com/bug-bounty/kelp-dao/information/,Smart Contract / Websites and Applications,,,check_program_rules,,2024-08-02T00:00:00.000Z,,
Immunefi,mETH Protocol,live,500000,not_required,https://immunefi.com/bug-bounty/mETH/information/,Smart Contract,Solidity,,check_program_rules,,2023-11-28T14:00:00.000Z,,
Immunefi,Beets,live,200000,not_required,https://immunefi.com/bug-bounty/beets/information/,Smart Contract,Solidity,Fantom / Optimism,check_program_rules,,2022-09-16T03:30:00.000Z,,
Immunefi,Utix,live,500000,not_required,https://immunefi.com/bug-bounty/utix/information/,Smart Contract,Solidity,ETH,check_program_rules,,2023-07-26T12:00:00.000Z,,
Immunefi,FBTC,live,100000,required,https://immunefi.com/bug-bounty/fbtc/information/,Smart Contract,,,check_program_rules,,2024-12-19T19:46:46.000Z,,
Immunefi,Stader for ETH,live,1000000,not_required,https://immunefi.com/bug-bounty/staderforeth/information/,Smart Contract,Solidity,ETH,check_program_rules,,2023-07-08T11:00:00.000Z,,
Immunefi,Orderly Network,live,100000,not_required,https://immunefi.com/bug-bounty/orderlynetwork/information/,Smart Contract / Websites and Applications,Solidity,ETH,check_program_rules,,2024-02-27T00:05:00.000Z,,
Immunefi,Gamma,live,50000,not_required,https://immunefi.com/bug-bounty/gamma/information/,Smart Contract,Solidity,ETH,check_program_rules,,2021-10-08T15:00:00.000Z,,
Immunefi,Beefy Finance,live,75000,not_required,https://immunefi.com/bug-bounty/beefyfinance/information/,Smart Contract / Websites and Applications,Solidity,Polygon,check_program_rules,,2021-07-15T16:00:00.000Z,,
Immunefi,Ante Finance,live,25000,required,https://immunefi.com/bug-bounty/antefinance/information/,Smart Contract,Solidity,ETH,check_program_rules,,2022-01-05T18:00:00.000Z,,
Immunefi,Harvest Finance,live,100000,not_required,https://immunefi.com/bug-bounty/harvest/information/,Smart Contract / Websites and Applications,JavaScript / Solidity,Arbitrum / BSC / ETH / Polygon,check_program_rules,,2020-12-02T07:00:00.000Z,,
Immunefi,DeXe Protocol,live,500000,required,https://immunefi.com/bug-bounty/dexeprotocol/information/,Smart Contract,Python / Typescript / Go,ETH,check_program_rules,,2024-01-23T20:00:00.000Z,,
Immunefi,Ichi,live,50000,not_required,https://immunefi.com/bug-bounty/ichi/information/,Smart Contract,Solidity,ETH,check_program_rules,,2021-06-17T15:00:00.000Z,,
Immunefi,Pragma Oracle,live,50000,required,https://immunefi.com/bug-bounty/pragmaoracle/information/,Smart Contract,Solidity,ETH,check_program_rules,,2023-11-22T09:00:00.000Z,,
HackenProof,Ult: Trade Stocks & Crypto,live,20000,check,https://hackenproof.com/programs/ult-trade-stocks-and-crypto,,,,check_program_rules,0,,,"Reputation, submission fees and PoC requirements vary; verify programme page"
HackenProof,Hotcoin Web & Mobile,live,1000,check,https://hackenproof.com/programs/hotcoin-web-and-mobile,,,,check_program_rules,50,,,"Reputation, submission fees and PoC requirements vary; verify programme page"
HackenProof,Hinkal Bug Bounty,live,10000,check,https://hackenproof.com/programs/hinkal-bug-bounty,,,,check_program_rules,0,,,"Reputation, submission fees and PoC requirements vary; verify programme page"
HackenProof,ADI Predictstreet Smart Contracts,live,10000,check,https://hackenproof.com/programs/adi-predictstreet-smart-contracts,,,,check_program_rules,0,,,"Reputation, submission fees and PoC requirements vary; verify programme page"
HackenProof,Zynk Protocol,live,5000,check,https://hackenproof.com/programs/zynk-protocol,,,,check_program_rules,0,,,"Reputation, submission fees and PoC requirements vary; verify programme page"
HackenProof,Starknet Staking,live,100000,check,https://hackenproof.com/programs/starknet-staking,,,,check_program_rules,0,,,"Reputation, submission fees and PoC requirements vary; verify programme page"
HackenProof,Starknet Web & SC,live,250000,check,https://hackenproof.com/programs/starknet-web-and-sc,,,,check_program_rules,0,,,"Reputation, submission fees and PoC requirements vary; verify programme page"
HackenProof,Starknet Blockchain/DLT,live,250000,check,https://hackenproof.com/programs/starknet-blockchain-slash-dlt,,,,check_program_rules,"11,000",,,"Reputation, submission fees and PoC requirements vary; verify programme page"
HackenProof,Arcadia Finance Smart Contracts,live,25000,check,https://hackenproof.com/programs/arcadia-finance-company-smart-contracts,,,,check_program_rules,"1,250",,,"Reputation, submission fees and PoC requirements vary; verify programme page"
HackenProof,Hyperbridge Protocol,live,50000,check,https://hackenproof.com/programs/hyperbridge-protocol,,,,check_program_rules,"163,000",,,"Reputation, submission fees and PoC requirements vary; verify programme page"
HackenProof,Cetus Web,live,10000,check,https://hackenproof.com/programs/cetus-web,,,,check_program_rules,"2,670",,,"Reputation, submission fees and PoC requirements vary; verify programme page"
HackenProof,Ample Smart Contracts,live,20000,check,https://hackenproof.com/programs/ample-smart-contracts,,,,check_program_rules,0,,,"Reputation, submission fees and PoC requirements vary; verify programme page"
HackenProof,Dexalot Smart Contracts,live,20000,check,https://hackenproof.com/programs/dexalot-smart-contracts-2,,,,check_program_rules,0,,,"Reputation, submission fees and PoC requirements vary; verify programme page"
HackenProof,AMLBot KYT Web,live,1500,check,https://hackenproof.com/programs/amlbot-kyt-web,,,,check_program_rules,"1,300",,,"Reputation, submission fees and PoC requirements vary; verify programme page"
HackenProof,idOS Apps and SC,live,5000,check,https://hackenproof.com/programs/idos-apps-and-sc-1,,,,check_program_rules,"9,950",,,"Reputation, submission fees and PoC requirements vary; verify programme page"
HackenProof,PUMB Web,live,2000,check,https://hackenproof.com/programs/pumb-web,,,,check_program_rules,"10,100",,,"Reputation, submission fees and PoC requirements vary; verify programme page"
HackenProof,Ember EVM Smart Contracts,live,15000,check,https://hackenproof.com/programs/ember-evm-smart-contracts,,,,check_program_rules,0,,,"Reputation, submission fees and PoC requirements vary; verify programme page"
HackenProof,NEAR Intents: Bridges,live,300000,check,https://hackenproof.com/programs/near-intents-bridges,,,,check_program_rules,"60,000",,,"Reputation, submission fees and PoC requirements vary; verify programme page"
HackenProof,Multipli Smart Contracts,live,10000,check,https://hackenproof.com/programs/multipli-smart-contracts,,,,check_program_rules,100,,,"Reputation, submission fees and PoC requirements vary; verify programme page"
HackenProof,Multipli Web,live,2000,check,https://hackenproof.com/programs/multipli-web,,,,check_program_rules,100,,,"Reputation, submission fees and PoC requirements vary; verify programme page"
HackenProof,NEAR Intents: SDK,live,20000,check,https://hackenproof.com/programs/near-intents-sdk,,,,check_program_rules,0,,,"Reputation, submission fees and PoC requirements vary; verify programme page"
HackenProof,Citrea Protocol & Smart Contracts,live,250000,check,https://hackenproof.com/programs/citrea-protocol-and-smart-contracts,,,,check_program_rules,"11,000",,,"Reputation, submission fees and PoC requirements vary; verify programme page"
HackenProof,Citrea Web & Apps,live,25000,check,https://hackenproof.com/programs/citrea-web-and-apps,,,,check_program_rules,600,,,"Reputation, submission fees and PoC requirements vary; verify programme page"
HackenProof,CEX.IO Web & Mobile,live,500,check,https://hackenproof.com/programs/cex-dot-io-web-and-mobile,,,,check_program_rules,300,,,"Reputation, submission fees and PoC requirements vary; verify programme page"
HackenProof,Monday Trade Web,live,3000,check,https://hackenproof.com/programs/monday-trade-web,,,,check_program_rules,400,,,"Reputation, submission fees and PoC requirements vary; verify programme page"
HackenProof,Gate US,live,5000,check,https://hackenproof.com/programs/gate-us,,,,check_program_rules,250,,,"Reputation, submission fees and PoC requirements vary; verify programme page"
HackenProof,Whitechain Bridge,live,10000,check,https://hackenproof.com/programs/whitechain-bridge,,,,check_program_rules,150,,,"Reputation, submission fees and PoC requirements vary; verify programme page"
HackenProof,BitKan Web & Mobile,live,500,check,https://hackenproof.com/programs/bitkan-web-and-mobile,,,,check_program_rules,852,,,"Reputation, submission fees and PoC requirements vary; verify programme page"
HackenProof,AMLBot Web,live,500,check,https://hackenproof.com/programs/amlbot-web,,,,check_program_rules,500,,,"Reputation, submission fees and PoC requirements vary; verify programme page"
HackenProof,ADI Foundation zkVM Verification,live,10000,check,https://hackenproof.com/programs/adi-foundation-zkvm-verification,,,,check_program_rules,0,,,"Reputation, submission fees and PoC requirements vary; verify programme page"
HackenProof,ADI Foundation Smart Contracts,live,10000,check,https://hackenproof.com/programs/adi-foundation-smart-contracts,,,,check_program_rules,"2,000",,,"Reputation, submission fees and PoC requirements vary; verify programme page"
HackenProof,Kaia Protocol,live,10000,check,https://hackenproof.com/programs/kaia-protocol,,,,check_program_rules,"21,000",,,"Reputation, submission fees and PoC requirements vary; verify programme page"
HackenProof,1inch Aqua,live,100000,check,https://hackenproof.com/programs/1inch-aqua,,,,check_program_rules,"21,800",,,"Reputation, submission fees and PoC requirements vary; verify programme page"
HackenProof,Nado Web,live,10000,check,https://hackenproof.com/programs/nado-web,,,,check_program_rules,0,,,"Reputation, submission fees and PoC requirements vary; verify programme page"
HackenProof,Nado Smart Contracts,live,500000,check,https://hackenproof.com/programs/nado-smart-contracts,,,,check_program_rules,"18,750",,,"Reputation, submission fees and PoC requirements vary; verify programme page"
HackenProof,Phemex Web & Mobile,live,500000,check,https://hackenproof.com/programs/phemex-web-and-mobile,,,,check_program_rules,"16,050",,,"Reputation, submission fees and PoC requirements vary; verify programme page"
HackenProof,Bitkub Capital Group Holdings,live,200,check,https://hackenproof.com/programs/bitkub-capital-group-holdings,,,,check_program_rules,"2,450",,,"Reputation, submission fees and PoC requirements vary; verify programme page"
HackenProof,STBL Smart Contracts,live,20000,check,https://hackenproof.com/programs/stbl-smart-contracts,,,,check_program_rules,0,,,"Reputation, submission fees and PoC requirements vary; verify programme page"
HackenProof,STBL Web,live,10000,check,https://hackenproof.com/programs/stbl-web,,,,check_program_rules,0,,,"Reputation, submission fees and PoC requirements vary; verify programme page"
HackenProof,Astros Web,live,5000,check,https://hackenproof.com/programs/astros-web,,,,check_program_rules,150,,,"Reputation, submission fees and PoC requirements vary; verify programme page"
HackenProof,Astros Smart Contracts,live,150000,check,https://hackenproof.com/programs/astros-smart-contracts,,,,check_program_rules,0,,,"Reputation, submission fees and PoC requirements vary; verify programme page"
HackenProof,Volo Web,live,5000,check,https://hackenproof.com/programs/volo-web,,,,check_program_rules,0,,,"Reputation, submission fees and PoC requirements vary; verify programme page"
HackenProof,Volo Smart Contracts,live,150000,check,https://hackenproof.com/programs/volo-smart-contracts,,,,check_program_rules,"11,700",,,"Reputation, submission fees and PoC requirements vary; verify programme page"
HackenProof,NAVI Protocol Web,live,10000,check,https://hackenproof.com/programs/navi-protocol-web,,,,check_program_rules,100,,,"Reputation, submission fees and PoC requirements vary; verify programme page"
HackenProof,NAVI Protocol,live,300000,check,https://hackenproof.com/programs/navi-protocol,,,,check_program_rules,0,,,"Reputation, submission fees and PoC requirements vary; verify programme page"
HackenProof,Momentum Smart Contracts,live,200000,check,https://hackenproof.com/programs/momentum-smart-contracts,,,,check_program_rules,100,,,"Reputation, submission fees and PoC requirements vary; verify programme page"
HackenProof,Ember Vaults Smart Contracts,live,15000,check,https://hackenproof.com/programs/ember-vaults-smart-contracts,,,,check_program_rules,0,,,"Reputation, submission fees and PoC requirements vary; verify programme page"
HackenProof,FlowX CLMM Smart Contracts,live,5000,check,https://hackenproof.com/programs/flowx-clmm-smart-contracts,,,,check_program_rules,0,,,"Reputation, submission fees and PoC requirements vary; verify programme page"
HackenProof,Turbos Finance Smart Contracts,live,15000,check,https://hackenproof.com/programs/turbos-finance-smart-contracts,,,,check_program_rules,0,,,"Reputation, submission fees and PoC requirements vary; verify programme page"
HackenProof,Snowbridge On-Chain Code,live,75000,check,https://hackenproof.com/programs/snowbridge-on-chain-code,,,,check_program_rules,"35,100",,,"Reputation, submission fees and PoC requirements vary; verify programme page"
HackenProof,NEAR Intents: Smart Contracts,live,300000,check,https://hackenproof.com/programs/near-intents-smart-contracts,,,,check_program_rules,"500,200",,,"Reputation, submission fees and PoC requirements vary; verify programme page"
HackenProof,Sweed Web,live,2000,check,https://hackenproof.com/programs/sweed-web,,,,check_program_rules,"3,250",,,"Reputation, submission fees and PoC requirements vary; verify programme page"
HackenProof,Bluefin Dex Contracts,live,15000,check,https://hackenproof.com/programs/bluefin-dex-contracts,,,,check_program_rules,"1,000",,,"Reputation, submission fees and PoC requirements vary; verify programme page"
HackenProof,Bucket Protocol Smart Contracts,live,15000,check,https://hackenproof.com/programs/bucket-protocol-smart-contracts,,,,check_program_rules,"3,500",,,"Reputation, submission fees and PoC requirements vary; verify programme page"
HackenProof,Haedal Smart Contracts,live,200000,check,https://hackenproof.com/programs/haedal-smart-contracts,,,,check_program_rules,"1,590",,,"Reputation, submission fees and PoC requirements vary; verify programme page"
HackenProof,OFZA Web,live,10000,check,https://hackenproof.com/programs/ofza-web,,,,check_program_rules,75,,,"Reputation, submission fees and PoC requirements vary; verify programme page"
HackenProof,KUB Chain & Ecosystem,live,5000,check,https://hackenproof.com/programs/kub-chain-and-ecosystem,,,,check_program_rules,"1,450",,,"Reputation, submission fees and PoC requirements vary; verify programme page"
HackenProof,Bitkub Blockchain Technology,live,2500,check,https://hackenproof.com/programs/bitkub-blockchain-technology,,,,check_program_rules,950,,,"Reputation, submission fees and PoC requirements vary; verify programme page"
HackenProof,Layer3 Web,live,10000,check,https://hackenproof.com/programs/layer3-web,,,,check_program_rules,"3,000",,,"Reputation, submission fees and PoC requirements vary; verify programme page"
HackenProof,NonKyc.io,live,5000,check,https://hackenproof.com/programs/nonkyc-dot-io,,,,check_program_rules,"4,420",,,"Reputation, submission fees and PoC requirements vary; verify programme page"
HackenProof,Cetus Smart Contracts,live,300000,check,https://hackenproof.com/programs/cetus-smart-contracts,,,,check_program_rules,310,,,"Reputation, submission fees and PoC requirements vary; verify programme page"
HackenProof,Zoomex Web & Mobile,live,10000,check,https://hackenproof.com/programs/zoomex-web-and-mobile,,,,check_program_rules,"3,300",,,"Reputation, submission fees and PoC requirements vary; verify programme page"
HackenProof,Tapbit Web & Mobile,live,10000,check,https://hackenproof.com/programs/tapbit-web-and-mobile,,,,check_program_rules,"3,950",,,"Reputation, submission fees and PoC requirements vary; verify programme page"
HackenProof,1inch Infrastructure,live,20000,check,https://hackenproof.com/programs/1inch-infrastructure,,,,check_program_rules,"2,850",,,"Reputation, submission fees and PoC requirements vary; verify programme page"
HackenProof,1inch Business,live,100000,check,https://hackenproof.com/programs/1inch-business,,,,check_program_rules,"34,200",,,"Reputation, submission fees and PoC requirements vary; verify programme page"
HackenProof,1inch Web,live,50000,check,https://hackenproof.com/programs/1inch-web,,,,check_program_rules,"24,250",,,"Reputation, submission fees and PoC requirements vary; verify programme page"
HackenProof,1inch Wallet,live,100000,check,https://hackenproof.com/programs/1inch-wallet,,,,check_program_rules,"14,700",,,"Reputation, submission fees and PoC requirements vary; verify programme page"
HackenProof,NiceHash Mining platform,live,25000,check,https://hackenproof.com/programs/nicehash-mining-platform,,,,check_program_rules,"2,983",,,"Reputation, submission fees and PoC requirements vary; verify programme page"
HackenProof,SynFutures dApp,live,10000,check,https://hackenproof.com/programs/synfutures-dapp,,,,check_program_rules,"2,600",,,"Reputation, submission fees and PoC requirements vary; verify programme page"
HackenProof,Bluefin Coin Contracts,live,15000,check,https://hackenproof.com/programs/bluefin-coin-contracts,,,,check_program_rules,0,,,"Reputation, submission fees and PoC requirements vary; verify programme page"
HackenProof,Flow Web,live,4000,check,https://hackenproof.com/programs/flow-web,,,,check_program_rules,"4,200",,,"Reputation, submission fees and PoC requirements vary; verify programme page"
HackenProof,KCEX,live,5000,check,https://hackenproof.com/programs/kcex,,,,check_program_rules,750,,,"Reputation, submission fees and PoC requirements vary; verify programme page"
HackenProof,Flipster Web & Mobile,live,3000,check,https://hackenproof.com/programs/flipster-web-and-mobile,,,,check_program_rules,"1,750",,,"Reputation, submission fees and PoC requirements vary; verify programme page"
HackenProof,Flow Protocol,live,25000,check,https://hackenproof.com/programs/flow-protocol,,,,check_program_rules,"158,200",,,"Reputation, submission fees and PoC requirements vary; verify programme page"
HackenProof,STON.fi DEX Smart Contracts v2,live,100000,check,https://hackenproof.com/programs/ston-dot-fi-dex-smart-contracts-v2,,,,check_program_rules,0,,,"Reputation, submission fees and PoC requirements vary; verify programme page"
HackenProof,Blockchain.com Web & Mobile,live,10000,check,https://hackenproof.com/programs/blockchain-dot-com,,,,check_program_rules,"8,550",,,"Reputation, submission fees and PoC requirements vary; verify programme page"
HackenProof,LeveX Web & Mobile,live,5000,check,https://hackenproof.com/programs/levex-web-and-mobile,,,,check_program_rules,"4,500",,,"Reputation, submission fees and PoC requirements vary; verify programme page"
HackenProof,Celestia,live,10000,check,https://hackenproof.com/programs/celestia,,,,check_program_rules,Private,,,"Reputation, submission fees and PoC requirements vary; verify programme page"
HackenProof,GMGN Web & Mobile,live,1000000,check,https://hackenproof.com/programs/gmgn-web-and-mobile,,,,check_program_rules,"8,050",,,"Reputation, submission fees and PoC requirements vary; verify programme page"
HackenProof,Scallop Protocol (Smart Contract),live,300000,check,https://hackenproof.com/programs/scallop-protocol-smart-contract,,,,check_program_rules,600,,,"Reputation, submission fees and PoC requirements vary; verify programme page"
HackenProof,Parity Polkadot Release Infrastructure,live,25000,check,https://hackenproof.com/programs/parity-polkadot-release-infrastructure,,,,check_program_rules,0,,,"Reputation, submission fees and PoC requirements vary; verify programme page"
HackenProof,"Polkadot SDK, Runtime by Parity",live,25000,check,https://hackenproof.com/programs/polkadot-sdk-runtime-by-parity,,,,check_program_rules,"18,500",,,"Reputation, submission fees and PoC requirements vary; verify programme page"
HackenProof,Tickets Travel Network / Mobile,live,2000,check,https://hackenproof.com/programs/tickets-travel-network-slash-mobile,,,,check_program_rules,"15,100",,,"Reputation, submission fees and PoC requirements vary; verify programme page"
HackenProof,Bitunix Web,live,8000,check,https://hackenproof.com/programs/bitunix-web,,,,check_program_rules,"28,300",,,"Reputation, submission fees and PoC requirements vary; verify programme page"
HackenProof,WEEX Web & App,live,10000,check,https://hackenproof.com/programs/weex-web-and-app,,,,check_program_rules,"17,470",,,"Reputation, submission fees and PoC requirements vary; verify programme page"
HackenProof,Bluefin Spot Contracts,live,15000,check,https://hackenproof.com/programs/bluefin-spot-contracts,,,,check_program_rules,Private,,,"Reputation, submission fees and PoC requirements vary; verify programme page"
HackenProof,AtomOne,live,10000,check,https://hackenproof.com/programs/atomone,,,,check_program_rules,Private,,,"Reputation, submission fees and PoC requirements vary; verify programme page"
HackenProof,Tothemoon Web,live,50000,check,https://hackenproof.com/programs/tothemoon-web,,,,check_program_rules,"3,599",,,"Reputation, submission fees and PoC requirements vary; verify programme page"
HackenProof,Cronos zkEVM Smart Contracts,live,200000,check,https://hackenproof.com/programs/cronos-zkevm-smart-contracts,,,,check_program_rules,550,,,"Reputation, submission fees and PoC requirements vary; verify programme page"
HackenProof,Asphere Web,live,10000,check,https://hackenproof.com/programs/asphere-web,,,,check_program_rules,Private,,,"Reputation, submission fees and PoC requirements vary; verify programme page"
HackenProof,Treehouse Smart Contracts,live,50000,check,https://hackenproof.com/programs/treehouse-smart-contracts,,,,check_program_rules,Private,,,"Reputation, submission fees and PoC requirements vary; verify programme page"
HackenProof,Treehouse Web,live,10000,check,https://hackenproof.com/programs/treehouse-web,,,,check_program_rules,Private,,,"Reputation, submission fees and PoC requirements vary; verify programme page"
HackenProof,Account Abstraction Bugs,live,250000,check,https://hackenproof.com/programs/account-abstraction-bugs,,,,check_program_rules,"73,000",,,"Reputation, submission fees and PoC requirements vary; verify programme page"
HackenProof,Layer3 Smart Contracts,live,500000,check,https://hackenproof.com/programs/layer3-smart-contracts,,,,check_program_rules,"6,000",,,"Reputation, submission fees and PoC requirements vary; verify programme page"
HackenProof,Backpack Web & API,live,100000,check,https://hackenproof.com/programs/backpack-web-and-api,,,,check_program_rules,Private,,,"Reputation, submission fees and PoC requirements vary; verify programme page"
HackenProof,Biconomy Web & Mobile,live,500,check,https://hackenproof.com/programs/biconomy-web-and-mobile,,,,check_program_rules,"3,420",,,"Reputation, submission fees and PoC requirements vary; verify programme page"
HackenProof,Internet Computer Protocol (ICP),live,50000,check,https://hackenproof.com/programs/internet-computer-protocol-icp,,,,check_program_rules,"149,250",,,"Reputation, submission fees and PoC requirements vary; verify programme page"
HackenProof,Bluefin Web,live,5000,check,https://hackenproof.com/programs/bluefin-web,,,,check_program_rules,"3,000",,,"Reputation, submission fees and PoC requirements vary; verify programme page"
HackenProof,Aptos Network,live,100000,check,https://hackenproof.com/programs/aptos-network,,,,check_program_rules,"1,998,500",,,"Reputation, submission fees and PoC requirements vary; verify programme page"
HackenProof,Unitus V2 Smart Contracts,live,50000,check,https://hackenproof.com/programs/unitus-v2-smart-contracts,,,,check_program_rules,0,,,"Reputation, submission fees and PoC requirements vary; verify programme page"
HackenProof,DeXe Protocol Smart Contracts,live,500000,check,https://hackenproof.com/programs/dexe-protocol-smart-contracts,,,,check_program_rules,0,,,"Reputation, submission fees and PoC requirements vary; verify programme page"
HackenProof,Superposition Finance Web,live,20000,check,https://hackenproof.com/programs/superposition-finance-web,,,,check_program_rules,100,,,"Reputation, submission fees and PoC requirements vary; verify programme page"
HackenProof,Cronos Web,live,2500,check,https://hackenproof.com/programs/cronos-web,,,,check_program_rules,"9,538",,,"Reputation, submission fees and PoC requirements vary; verify programme page"
HackenProof,Cronos Blockchain Protocols,live,100000,check,https://hackenproof.com/programs/cronos-blockchain-protocols,,,,check_program_rules,"118,980",,,"Reputation, submission fees and PoC requirements vary; verify programme page"
HackenProof,Cronos Smart Contracts,live,250000,check,https://hackenproof.com/programs/cronos-smart-contracts,,,,check_program_rules,150,,,"Reputation, submission fees and PoC requirements vary; verify programme page"
HackenProof,Zest Protocol Smart Contracts,live,100000,check,https://hackenproof.com/programs/zest-protocol-smart-contracts,,,,check_program_rules,Private,,,"Reputation, submission fees and PoC requirements vary; verify programme page"
HackenProof,Poloniex Web & API,live,5000,check,https://hackenproof.com/programs/poloniex-web-and-api,,,,check_program_rules,"6,950",,,"Reputation, submission fees and PoC requirements vary; verify programme page"
HackenProof,Slush Wallet,live,30000,check,https://hackenproof.com/programs/slush-wallet,,,,check_program_rules,"76,000",,,"Reputation, submission fees and PoC requirements vary; verify programme page"
HackenProof,BloFin Web & Mobile,live,4000,check,https://hackenproof.com/programs/blofin-web-and-mobile,,,,check_program_rules,"10,450",,,"Reputation, submission fees and PoC requirements vary; verify programme page"
HackenProof,1inch Smart Contract,live,500000,check,https://hackenproof.com/programs/1inch-smart-contract,,,,check_program_rules,"14,000",,,"Reputation, submission fees and PoC requirements vary; verify programme page"
HackenProof,Pionex App & API,live,10000,check,https://hackenproof.com/programs/pionex-app-and-api,,,,check_program_rules,"12,350",,,"Reputation, submission fees and PoC requirements vary; verify programme page"
HackenProof,CoinW Web & Mobile,live,2000,check,https://hackenproof.com/programs/coinw-web-and-mobile,,,,check_program_rules,"147,300",,,"Reputation, submission fees and PoC requirements vary; verify programme page"
HackenProof,PointPay Web & Mobile,live,500,check,https://hackenproof.com/programs/pointpay-web-and-mobile,,,,check_program_rules,100,,,"Reputation, submission fees and PoC requirements vary; verify programme page"
HackenProof,Sui Protocol,live,250000,check,https://hackenproof.com/programs/sui-protocol,,,,check_program_rules,"2,472,250",,,"Reputation, submission fees and PoC requirements vary; verify programme page"
HackenProof,Trustee Plus Web & Mobile,live,3000,check,https://hackenproof.com/programs/trustee-plus-web-and-mobile,,,,check_program_rules,"5,800",,,"Reputation, submission fees and PoC requirements vary; verify programme page"
HackenProof,Toobit Web & Mobile,live,10000,check,https://hackenproof.com/programs/toobit-web-and-mobile,,,,check_program_rules,"4,300",,,"Reputation, submission fees and PoC requirements vary; verify programme page"
HackenProof,BitDelta,live,1000000,check,https://hackenproof.com/programs/bitdelta,,,,check_program_rules,"1,307",,,"Reputation, submission fees and PoC requirements vary; verify programme page"
HackenProof,Bitrue,live,1500,check,https://hackenproof.com/programs/bitrue,,,,check_program_rules,"9,550",,,"Reputation, submission fees and PoC requirements vary; verify programme page"
HackenProof,NEAR Foundation Web (Low),live,2500,check,https://hackenproof.com/programs/near-foundation-web-low,,,,check_program_rules,700,,,"Reputation, submission fees and PoC requirements vary; verify programme page"
HackenProof,Enkrypt Wallet,live,3000,check,https://hackenproof.com/programs/enkrypt-wallet,,,,check_program_rules,"1,500",,,"Reputation, submission fees and PoC requirements vary; verify programme page"
HackenProof,MyEtherWallet,live,3000,check,https://hackenproof.com/programs/myetherwallet,,,,check_program_rules,"10,900",,,"Reputation, submission fees and PoC requirements vary; verify programme page"
HackenProof,EVAA Web,live,3000,check,https://hackenproof.com/programs/evaa-web,,,,check_program_rules,0,,,"Reputation, submission fees and PoC requirements vary; verify programme page"
HackenProof,Dexalot Web & Mobile,live,2000,check,https://hackenproof.com/programs/dexalot-web-and-mobile,,,,check_program_rules,600,,,"Reputation, submission fees and PoC requirements vary; verify programme page"
HackenProof,NEAR Web,live,50000,check,https://hackenproof.com/programs/near-web,,,,check_program_rules,"302,980",,,"Reputation, submission fees and PoC requirements vary; verify programme page"
HackenProof,WhiteMarket Web,live,5000,check,https://hackenproof.com/programs/whitemarket-web,,,,check_program_rules,"2,600",,,"Reputation, submission fees and PoC requirements vary; verify programme page"
HackenProof,WhiteBIT Blog,live,1500,check,https://hackenproof.com/programs/whitebit-blog,,,,check_program_rules,"1,150",,,"Reputation, submission fees and PoC requirements vary; verify programme page"
HackenProof,XT,live,4000,check,https://hackenproof.com/programs/xt,,,,check_program_rules,"18,400",,,"Reputation, submission fees and PoC requirements vary; verify programme page"
HackenProof,Aurora Web,live,100000,check,https://hackenproof.com/programs/aurora-web,,,,check_program_rules,"7,700",,,"Reputation, submission fees and PoC requirements vary; verify programme page"
HackenProof,Aurora Smart Contract,live,300000,check,https://hackenproof.com/programs/aurora-smart-contract,,,,check_program_rules,"14,500",,,"Reputation, submission fees and PoC requirements vary; verify programme page"
HackenProof,DODOFeeRouteProxy Smart Contract,live,10000,check,https://hackenproof.com/programs/dodofeerouteproxy-smart-contract,,,,check_program_rules,0,,,"Reputation, submission fees and PoC requirements vary; verify programme page"
HackenProof,DODOLimitOrder Smart Contract,live,10000,check,https://hackenproof.com/programs/dodolimitorder-smart-contract,,,,check_program_rules,0,,,"Reputation, submission fees and PoC requirements vary; verify programme page"
HackenProof,UACatsDivision Web,live,0,check,https://hackenproof.com/programs/uacatsdivision-web,,,,check_program_rules,0,,,"Reputation, submission fees and PoC requirements vary; verify programme page"
HackenProof,UACatsDivision Smart Contracts,live,0,check,https://hackenproof.com/programs/uacatsdivision-smart-contracts,,,,check_program_rules,0,,,"Reputation, submission fees and PoC requirements vary; verify programme page"
HackenProof,Chainstack,live,2000,check,https://hackenproof.com/programs/chainstack,,,,check_program_rules,"12,800",,,"Reputation, submission fees and PoC requirements vary; verify programme page"
HackenProof,Tickets Travel Network / Updated UI,live,2000,check,https://hackenproof.com/programs/tickets-travel-network-slash-updated-ui,,,,check_program_rules,"28,500",,,"Reputation, submission fees and PoC requirements vary; verify programme page"
HackenProof,NEAR Smart Contracts,live,300000,check,https://hackenproof.com/programs/near-smart-contracts-1,,,,check_program_rules,"100,200",,,"Reputation, submission fees and PoC requirements vary; verify programme page"
HackenProof,Coin98,live,10000,check,https://hackenproof.com/programs/coin98,,,,check_program_rules,"17,485",,,"Reputation, submission fees and PoC requirements vary; verify programme page"
HackenProof,NEAR Protocol,live,1000000,check,https://hackenproof.com/programs/near-protocol,,,,check_program_rules,"3,397,350",,,"Reputation, submission fees and PoC requirements vary; verify programme page"
HackenProof,ShapeShift,live,10000,check,https://hackenproof.com/programs/shapeshift,,,,check_program_rules,"26,900",,,"Reputation, submission fees and PoC requirements vary; verify programme page"
HackenProof,BigONE Global Exchange,live,1500,check,https://hackenproof.com/programs/bigone-global-exchange,,,,check_program_rules,"6,775",,,"Reputation, submission fees and PoC requirements vary; verify programme page"
HackenProof,BingX Exchange,live,4000,check,https://hackenproof.com/programs/bingx-exchange,,,,check_program_rules,"23,762",,,"Reputation, submission fees and PoC requirements vary; verify programme page"
HackenProof,OKX,live,1000000,check,https://hackenproof.com/programs/okx,,,,check_program_rules,"98,990",,,"Reputation, submission fees and PoC requirements vary; verify programme page"
HackenProof,Bitkub,live,3000,check,https://hackenproof.com/programs/bitkub,,,,check_program_rules,"19,995",,,"Reputation, submission fees and PoC requirements vary; verify programme page"
HackenProof,BTSE Bug Bounty Program,live,3000,check,https://hackenproof.com/programs/btse-bug-bounty-program,,,,check_program_rules,"8,000",,,"Reputation, submission fees and PoC requirements vary; verify programme page"
HackenProof,LCX,live,3000,check,https://hackenproof.com/programs/lcx,,,,check_program_rules,"9,550",,,"Reputation, submission fees and PoC requirements vary; verify programme page"
HackenProof,Gate,live,5000,check,https://hackenproof.com/programs/gate,,,,check_program_rules,"26,705",,,"Reputation, submission fees and PoC requirements vary; verify programme page"
HackenProof,P2B Exchange,live,1000,check,https://hackenproof.com/programs/p2b-exchange,,,,check_program_rules,"2,550",,,"Reputation, submission fees and PoC requirements vary; verify programme page"
HackenProof,CoinGecko,live,1500,check,https://hackenproof.com/programs/coingecko,,,,check_program_rules,"8,230",,,"Reputation, submission fees and PoC requirements vary; verify programme page"
HackenProof,WhiteBIT,live,10000,check,https://hackenproof.com/programs/whitebit,,,,check_program_rules,"38,401",,,"Reputation, submission fees and PoC requirements vary; verify programme page"
HackenProof,HackenProof,live,1500,check,https://hackenproof.com/programs/hackenproof,,,,check_program_rules,"56,065",,,"Reputation, submission fees and PoC requirements vary; verify programme page"
HackenProof,VeChainThor,live,35000,check,https://hackenproof.com/programs/vechainthor,,,,check_program_rules,"39,957",,,"Reputation, submission fees and PoC requirements vary; verify programme page"
